id,name
0,Default skin
1,Artsy Miku
2,Artsy Miku: Gold
3,Artsy Miku: Silver
4,Artsy Miku: Purple
5,Artsy Miku: Pink
6,Artsy Miku: Blue
7,Artsy Miku: Teal
8,Artsy Miku: Orange
9,Artsy Miku: Yellow
10,Artsy Miku: Green
11,Pastel Rin & Len
12,Pastel Rin & Len: Purple
13,Pastel Rin & Len: Pink
14,Pastel Rin & Len: Blue
15,Pastel Rin & Len: Teal
16,Pastel Rin & Len: Orange
17,Pastel Rin & Len: Yellow
18,Pastel Rin & Len: Green
19,Relaxed Luka
20,Relaxed Luka: Gold
21,Relaxed Luka: Silver
22,Relaxed Luka: Purple
23,Relaxed Luka: Pink
24,Relaxed Luka: Blue
25,Relaxed Luka: Teal
26,Relaxed Luka: Orange
27,Relaxed Luka: Yellow
28,Relaxed Luka: Green
29,Dreamy Miku
30,Dreamy Miku: Purple
31,Dreamy Miku: Pink
32,Dreamy Miku: Teal
33,Dreamy Miku: Orange
34,Dreamy Miku: Yellow
35,Dreamy Miku: Green
36,Miku Controls: Silver
37,Miku Controls: Purple
38,Miku Controls: Pink
39,Miku Controls: Blue
40,Miku Controls: Teal
41,Miku Controls: Orange
42,Miku Controls: Gold
43,Miku Controls: Green
44,Miku Silhouette
45,Miku Silhouette: Gold
46,Miku Silhouette: Silver
47,Miku Silhouette: Purple
48,Miku Silhouette: Blue
49,Miku Silhouette: Teal
50,Miku Silhouette: Orange
51,Miku Silhouette: Yellow
52,Miku Silhouette: Green
53,Miku&Shiteyanyo
54,Miku&Shiteyanyo: Gold
55,Miku&Shiteyanyo: Silver
56,Miku&Shiteyanyo: Pink
57,Miku&Shiteyanyo: Blue
58,Miku&Shiteyanyo: Teal
59,Miku&Shiteyanyo: Orange
60,Miku&Shiteyanyo: Yellow
61,Miku&Shiteyanyo: Green
62,Shiteyanyo
63,Shiteyanyo: Gold
64,Shiteyanyo: Silver
65,Shiteyanyo: Purple
66,Shiteyanyo: Pink
67,Shiteyanyo: Blue
68,Shiteyanyo: Orange
69,Shiteyanyo: Yellow
70,Shiteyanyo: Teal
71,Shiteyanyo & Chibi Miku
72,Shiteyanyo & Chibi Miku: Gold
73,Shiteyanyo & Chibi Miku: Silver
74,Shiteyanyo & Chibi Miku: Purple
75,Shiteyanyo & Chibi Miku: Pink
76,Shiteyanyo & Chibi Miku: Blue
77,Shiteyanyo & Chibi Miku: Teal
78,Shiteyanyo & Chibi Miku: Orange
79,Shiteyanyo & Chibi Miku: Olive Green
80,Shiteyanyo & Chibi Miku: Green
81,Luka & Tuna
82,Luka & Tuna: Gold
83,Luka & Tuna: Silver
84,Luka & Tuna: Purple
85,Luka & Tuna: Pink
86,Luka & Tuna: Blue
87,Luka & Tuna: Teal
88,Luka & Tuna: Orange
89,Luka & Tuna: Yellow
90,Luka & Tuna: Green
91,Industrial Rin & Len
92,Industrial Rin & Len: Gold
93,Industrial Rin & Len: Silver
94,Industrial Rin & Len: Purple
95,Industrial Rin & Len: Pink
96,Industrial Rin & Len: Blue
97,Industrial Rin & Len: Teal
98,Industrial Rin & Len: Orange
99,Industrial Rin & Len: Yellow
100,Industrial Rin & Len: Green
101,Floral Miku
102,Floral Miku: Gold
103,Floral Miku: Silver
104,Floral Miku: Purple
105,Floral Miku: Pink
106,Floral Miku: Blue
107,Floral Miku: Teal
108,Floral Miku: Orange
109,Floral Miku: Yellow
110,Floral Miku: Teal
111,Miku Sketch
112,Rin & Len Truck
113,Rin & Len Truck: Blue
114,Rin & Len Truck: Orange
115,Rin & Len Truck: Yellow
116,Luka Pipes
117,Luka Pipes: Gold
118,Luka Pipes: Silver
119,Luka Pipes: Purple
120,Luka Pipes: Pink
121,Luka Pipes: Blue
122,Luka Pipes: Teal
123,Luka Pipes: Yellow
124,Luka Pipes: Green
125,Fancy Miku
126,Fancy Miku: Blue
127,Fancy Miku: Pink
128,Fancy Miku: Green
129,Fancy Miku: Teal
130,Fancy Miku: Gold
131,Fancy Miku: Yellow
132,Fancy Rin
133,Fancy Rin: Purple
134,Fancy Rin: Pink
135,Fancy Rin: Green
136,Fancy Rin: Teal
137,Fancy Rin: Orange
138,Fancy Rin: Yellow
139,Fancy Luka
140,Fancy Luka: Pink
141,Fancy Luka: Purple
142,Fancy Luka: Blue
143,Fancy Luka: Orange
144,Fancy Luka: Yellow
145,Fancy Luka: Gradient
146,Calne CA Skeleton
147,Calne CA Skeleton: Purple
148,Calne CA Skeleton: Pink
149,Calne CA Skeleton: Blue
150,Calne CA Skeleton: Teal
151,Calne CA Skeleton: Orange
152,Calne CA Skeleton: Green
153,Calne CA Skeleton: Green/Pink
154,Calne CA
155,Calne CA: Purple
156,Calne CA: Pink
157,Calne CA: Blue
158,Calne CA: Teal
159,Calne CA: Orange
160,Calne CA: Yellow
161,Calne CA: Teal/Pink
162,Calne CA 2
163,Calne CA 2: Purple
164,Calne CA 2: Pink
165,Calne CA 2: Blue
166,Calne CA 2: Teal
167,Calne CA 2: Red
168,Calne CA 2: Yellow
169,Kimono Miku/Luka/Meiko
170,Kimono Miku/Luka/Meiko: Gold
171,Kimono Miku/Luka/Meiko: Silver
172,Kimono Miku/Luka/Meiko: Purple
173,Kimono Miku/Luka/Meiko: Pink
174,Kimono Miku/Luka/Meiko: Blue
175,Kimono Miku/Luka/Meiko: Teal
176,Kimono Miku/Luka/Meiko: Orange
177,Kimono Miku/Luka/Meiko: Yellow
178,Kimono Miku/Luka/Meiko: Green
179,Rin & Len Masks
180,Rin & Len Masks: Gold
181,Rin & Len Masks: Silver
182,Rin & Len Masks: Purple
183,Rin & Len Masks: Pink
184,Rin & Len Masks: Blue
185,Rin & Len Masks: Teal
186,Rin & Len Masks: Yellow
187,Rin & Len Masks: Green
188,Samurai Kaito
189,Samurai Kaito: Gold
190,Samurai Kaito: Silver
191,Samurai Kaito: Purple
192,Samurai Kaito: Pink
193,Samurai Kaito: Teal
194,Samurai Kaito: Orange
195,Samurai Kaito: Yellow
196,Samurai Kaito: Green
197,Sexy Larval Rin
198,Sexy Larval Rin: Red
199,Sexy Larval Rin: Blue
200,Sexy Larval Rin: Teal
201,Sexy Larval Rin: Orange
202,Sexy Larval Rin: Yellow
203,Sexy Larval Rin: Green
204,Rin Buns
205,Rin Buns: Purple
206,Rin Buns: Pink
207,Rin Buns: Blue
208,Rin Buns: Teal
209,Rin Buns: Orange
210,Rin Buns: Yellow
211,Rin Buns: Green
212,Larval Rins
213,Larval Rins: Purple
214,Larval Rins: Pink
215,Larval Rins: Blue
216,Larval Rins: Teal
217,Larval Rins: Green
218,Larval Rins: Teal/Pink
219,Luka Headphones
220,Luka Headphones: Purple
221,Luka Headphones: Pink
222,Luka Headphones: Blue
223,Luka Headphones: Teal
224,Luka Headphones: Orange
225,Luka Headphones: Yellow
226,Luka Headphones: Green
227,Tako Luka Sweets
228,Tako Luka Sweets: Gold
229,Tako Luka Sweets: Silver
230,Tako Luka Sweets: Purple
231,Tako Luka Sweets: Pink
232,Tako Luka Sweets: Blue
233,Tako Luka Sweets: Teal
234,Tako Luka Sweets: Red
235,Tako Luka Sweets: Yellow
236,Tako Luka Sweets: Green
237,Tako Luka Crayon
238,Tako Luka Crayon: Gold
239,Tako Luka Crayon: Silver
240,Tako Luka Crayon: Purple
241,Tako Luka Crayon: Pink
242,Tako Luka Crayon: Blue
243,Tako Luka Crayon: Teal
244,Tako Luka Crayon: Orange
245,Tako Luka Crayon: Yellow
246,Tako Luka Crayon: Green
247,Chibi Maid Miku
248,Chibi Maid Luka
249,Chibi Maid Meiko
250,Chibi Maid Rin
251,Chibi Maid Meiko: Red
252,Chibi Maid Rin: Yellow
253,Chibi Maid Miku: Green
254,Neko Vocaloids
255,Neko Vocaloids: Purple
256,Neko Vocaloids: Blue
257,Neko Vocaloids: Teal
258,Neko Vocaloids: Pink
259,Neko Vocaloids: Yellow
260,Neko Vocaloids: Green
261,Chibi Miku with Stars
262,Chibi Miku with Stars: Red
263,Miku Film Reel
264,Miku Film Reel: Gems
265,Miku Film Reel: Gold Leaves
266,Miku Film Reel: Silver Leaves
267,Miku Film Reel: Hearts
268,Rin Film Reel
269,Rin Film Reel: Gems
270,Rin Film Reel: Gold Leaves
271,Rin Film Reel: Silver Leaves
272,Rin Film Reel: Hearts
273,Len Film Reel
274,Len Film Reel: Gems
275,Len Film Reel: Gold Leaves
276,Len Film Reel: Silver Leaves
277,Len Film Reel: Stars
278,Luka Film Reel
279,Luka Film Reel: Gems
280,Luka Film Reel: Gold Leaves
281,Luka Film Reel: Silver Leaves
282,Luka Film Reel: Hearts
283,Kaito Film Reel
284,Kaito Film Reel: Gems
285,Kaito Film Reel: Gold Leaves
286,Kaito Film Reel: Silver Leaves
287,Kaito Film Reel: Stars
288,Meiko Film Reel
289,Meiko Film Reel: Gems
290,Meiko Film Reel: Gold Leaves
291,Meiko Film Reel: Silver Leaves
292,Meiko Film Reel: Hearts
293,Haku Film Reel
294,Haku Film Reel: Gems
295,Haku Film Reel: Gold Leaves
296,Haku Film Reel: Silver Leaves
297,Haku Film Reel: Hearts
298,Neru Film Reel
299,Neru Film Reel: Gems
300,Neru Film Reel: Gold Leaves
301,Neru Film Reel: Silver Leaves
302,Neru Film Reel: Hearts
303,Sakine Meiko Film Reel
304,Sakine Meiko Film Reel: Gems
305,Sakine Meiko Film Reel: Gold Leaves
306,Sakine Meiko Film Reel: Silver Leaves
307,Sakine Meiko Film Reel: Hearts
308,Chibi Miku & Music Notes
309,Chibi Miku & Music Notes: Gold
310,Chibi Miku & Music Notes: Silver
311,Chibi Miku & Music Notes: Purple
312,Chibi Miku & Music Notes: Pink
313,Chibi Miku & Music Notes: Blue
314,Chibi Miku & Music Notes: Teal
315,Chibi Miku & Music Notes: Red
316,Chibi Miku & Music Notes: Yellow
317,Chibi Rin & Candy
318,Chibi Rin & Candy: Gold
319,Chibi Rin & Candy: Silver
320,Chibi Rin & Candy: Purple
321,Chibi Rin & Candy: Pink
322,Chibi Rin & Candy: Blue
323,Chibi Rin & Candy: Teal
324,Chibi Rin & Candy: Red
325,Chibi Rin & Candy: Green
326,Chibi Len & Vines
327,Chibi Len & Vines: Gold
328,Chibi Len & Vines: Silver
329,Chibi Len & Vines: Purple
330,Chibi Len & Vines: Pink
331,Chibi Len & Vines: Blue
332,Chibi Len & Vines: Teal
333,Chibi Len & Vines: Red
334,Chibi Len & Vines: Green
335,Chibi Luka & Roses
336,Chibi Luka & Roses: Gold
337,Chibi Luka & Roses: Silver
338,Chibi Luka & Roses: Purple
339,Chibi Luka & Roses: Blue
340,Chibi Luka & Roses: Teal
341,Chibi Luka & Roses: Red
342,Chibi Luka & Roses: Yellow
343,Chibi Luka & Roses: Green
344,Chibi Kaito & Snowflakes
345,Chibi Kaito & Snowflakes: Gold
346,Chibi Kaito & Snowflakes: Silver
347,Chibi Kaito & Snowflakes: Purple
348,Chibi Kaito & Snowflakes: Pink
349,Chibi Kaito & Snowflakes: Teal
350,Chibi Kaito & Snowflakes: Red
351,Chibi Kaito & Snowflakes: Yellow
352,Chibi Kaito & Snowflakes: Green
353,Chibi Meiko&Hearts
354,Chibi Meiko&Hearts: Gold
355,Chibi Meiko&Hearts: Silver
356,Chibi Meiko&Hearts: Purple
357,Chibi Meiko&Hearts: Pink
358,Chibi Meiko&Hearts: Blue
359,Chibi Meiko&Hearts: Teal
360,Chibi Meiko&Hearts: Yellow
361,Chibi Meiko&Hearts: Green
362,Chibi Haku & Raindrops
363,Chibi Haku & Raindrops: Gold
364,Chibi Haku & Raindrops: Silver
365,Chibi Haku & Raindrops: Pink
366,Chibi Haku & Raindrops: Blue
367,Chibi Haku & Raindrops: Teal
368,Chibi Haku & Raindrops: Red
369,Chibi Haku & Raindrops: Yellow
370,Chibi Haku & Raindrops: Green
371,Chibi Neru & Lace
372,Chibi Neru & Lace: Gold
373,Chibi Neru & Lace: Silver
374,Chibi Neru & Lace: Purple
375,Chibi Neru & Lace: Pink
376,Chibi Neru & Lace: Blue
377,Chibi Neru & Lace: Teal
378,Chibi Neru & Lace: Red
379,Chibi Neru & Lace: Green
380,Chibi Sakine Meiko & Flowers
381,Chibi Sakine Meiko & Flowers: Gold
382,Chibi Sakine Meiko & Flowers: Silver
383,Chibi Sakine Meiko & Flowers: Purple
384,Chibi Sakine Meiko & Flowers: Pink
385,Chibi Sakine Meiko & Flowers: Blue
386,Chibi Sakine Meiko & Flowers: Teal
387,Chibi Sakine Meiko & Flowers: Yellow
388,Chibi Sakine Meiko & Flowers: Green
389,Gothic Lace Miku
390,Gothic Lace Miku: Purple
391,Gothic Lace Miku: Pink
392,Hachune Leeks
393,Gothic Lace Miku: Teal
394,Gothic Lace Miku: Orange
395,Gothic Lace Miku: Yellow
396,Gothic Lace Meiko
397,Gothic Lace Meiko: Purple
398,Gothic Lace Meiko: Pink
399,Hachune Leeks: Purple
400,Gothic Lace Meiko: Teal
401,Gothic Lace Meiko: Yellow
402,Gothic Lace Meiko: Green
403,Gothic Lace Luka
404,Gothic Lace Luka: Pink
405,Gothic Lace Luka: Blue
406,Gothic Lace Luka: Teal
407,Gothic Lace Luka: Orange
408,Gothic Lace Luka: Yellow
409,Gothic Lace Luka: Green
410,Grunge Rin
411,Grunge Rin: Gold
412,Grunge Rin: Silver
413,Grunge Rin: Purple
414,Grunge Rin: Pink
415,Grunge Rin: Blue
416,Grunge Miku
417,Grunge Rin: Orange
418,Grunge Rin: Yellow
419,Grunge Rin: Green
420,Grunge Len
421,Grunge Len: Gold
422,Grunge Len: Silver
423,Grunge Len: Purple
424,Grunge Luka
425,Grunge Len: Blue
426,Grunge Len: Teal
427,Grunge Len: Orange
428,Grunge Len: Yellow
429,Grunge Len: Green
430,Grunge Rin & Len
431,Grunge Rin & Len: Gold
432,Grunge Rin & Len: Silver
433,Grunge Meiko&Kaito
434,Grunge Rin & Len: Pink
435,Grunge Rin & Len: Blue
436,Grunge Rin & Len: Teal
437,Grunge Rin & Len: Orange
438,Grunge Rin & Len: Yellow
439,Grunge Rin & Len: Green
440,Spacey Miku
441,Spacey Miku: Purple
442,Spacey Miku: Pink
443,Spacey Miku: Blue
444,Spacey Miku: Teal
445,Spacey Miku: Red
446,Spacey Miku: Yellow
447,Mermaid Rin & Sailor Len
448,Mermaid Rin & Sailor Len: Purple
449,Mermaid Rin & Sailor Len: Pink
450,Mermaid Rin & Sailor Len: Blue
451,Mermaid Rin & Sailor Len: Orange
452,Mermaid Rin & Sailor Len: Red
453,Mermaid Rin & Sailor Len: Green
454,Puffy Luka
455,Puffy Luka: Purple
456,Puffy Luka: Blue
457,Puffy Luka: Teal
458,Puffy Luka: Orange
459,Puffy Luka: Yellow
460,Puffy Luka: Green
461,Cyber Miku
462,Cyber Miku: Purple
463,Cyber Miku: Pink
464,Cyber Miku: Blue
465,Cyber Miku: Teal
466,Cyber Miku: Orange
467,Cyber Miku: Yellow
468,Cyber Rin
469,Cyber Rin: Purple
470,Cyber Rin: Pink
471,Cyber Rin: Blue
472,Cyber Rin: Teal
473,Cyber Rin: Orange
474,Cyber Rin: Yellow
475,Cyber Luka
476,Cyber Luka: Purple
477,Cyber Luka: Pink
478,Cyber Luka: Blue
479,Cyber Luka: Teal
480,Cyber Luka: Orange
481,Cyber Luka: Yellow
482,Patchwork Miku
483,Patchwork Miku: Purple
484,Patchwork Miku: Pink
485,Patchwork Miku: Blue
486,Patchwork Miku: Teal
487,Patchwork Miku: Yellow
488,Patchwork Miku: Green
489,Patchwork Rin
490,Patchwork Rin: Purple
491,Patchwork Rin: Pink
492,Patchwork Rin: Teal
493,Patchwork Rin: Orange
494,Patchwork Rin: Yellow
495,Patchwork Rin: Green
496,Patchwork Luka
497,Patchwork Luka: Purple
498,Patchwork Luka: Pink
499,Patchwork Luka: Blue
500,Patchwork Luka: Teal
501,Patchwork Luka: Yellow
502,Patchwork Luka: Green
503,Append Miku
504,Append Miku: Gold
505,Append Miku: Silver
506,Append Miku: Pink
507,Append Miku: Blue
508,Append Miku: Teal
509,Append Miku: Orange
510,Append Miku: Yellow
511,Append Miku: Pink/Green
512,Append Rin
513,Append Rin: Gold
514,Append Rin: Silver
515,Append Rin: Purple
516,Append Rin: Pink
517,Append Rin: Blue
518,Append Rin: Teal
519,Append Rin: Yellow
520,Append Rin: Pink/Green
521,Append Len
522,Append Len: Gold
523,Append Len: Silver
524,Append Len: Purple
525,Append Len: Pink
526,Append Len: Blue
527,Append Len: Teal
528,Append Len: Orange
529,Append Len: Yellow
530,Colorful X Girls
531,Colorful X Girls: Purple
532,Colorful X Girls: Pink
533,Colorful X Girls: Blue
534,Colorful X Girls: Teal
535,Colorful X Girls: Orange
536,Colorful X Girls: Yellow
537,Colorful X Girls: Green
538,Romeo&Cinderella
539,Romeo&Cinderella: Gold
540,Romeo&Cinderella: Silver
541,Romeo&Cinderella: Purple
542,Romeo&Cinderella: Blue
543,Romeo&Cinderella: Teal
544,Romeo&Cinderella: Orange
545,Romeo&Cinderella: Yellow
546,Romeo&Cinderella: Green
547,Soft Floral Miku
548,Soft Floral Miku: Purple
549,Soft Floral Miku: Pink
550,Soft Floral Miku: Blue
551,Soft Floral Miku: Teal
552,Soft Floral Miku: Orange
553,Soft Floral Miku: Yellow
554,Soft Floral Miku: Green
555,Hachune Leeks: Pink
556,Hachune Leeks: Blue
557,Hachune Leeks: Teal
558,Hachune Leeks: Orange
559,Hachune Leeks: Yellow
560,Rin & Miku Mushroom
561,Rin & Miku Mushroom: Purple
562,Rin & Miku Mushroom: Pink
563,Rin & Miku Mushroom: Blue
564,Rin & Miku Mushroom: Teal
565,Rin & Miku Mushroom: Orange
566,Rin & Miku Mushroom: Yellow
567,Len Sunflowers
568,Len Sunflowers: Purple
569,Len Sunflowers: Pink
570,Len Sunflowers: Blue
571,Len Sunflowers: Teal
572,Len Sunflowers: Orange
573,Len Sunflowers: Green
574,Raspberry Rin
575,Raspberry Rin: Gold
576,Raspberry Rin: Silver
577,Raspberry Rin: Purple
578,Raspberry Rin: Red
579,Raspberry Rin: Blue
580,Raspberry Rin: Teal
581,Raspberry Rin: Yellow
582,Raspberry Rin: Green
583,Indigo Len
584,Indigo Len: Gold
585,Indigo Len: Silver
586,Indigo Len: Purple
587,Indigo Len: Pink
588,Indigo Len: Teal
589,Indigo Len: Red
590,Indigo Len: Yellow
591,Indigo Len: Green
592,Rin & Len Kitsune
593,Rin & Len Kitsune: Gold
594,Rin & Len Kitsune: Teal
595,Rin & Len Kitsune: Pink
596,Rin & Len Kitsune: Yellow
597,Rin & Len Kitsune Dark
598,Rin & Len Kitsune Dark: Silver
599,Rin & Len Kitsune Dark: Purple
600,Rin & Len Kitsune Dark: Blue
601,Rin & Len Kitsune Dark: Green
602,Miku Gears
603,Miku Gears: Gold
604,Miku Gears: Silver
605,Miku Gears: Purple
606,Miku Gears: Pink
607,Miku Gears: Blue
608,Miku Gears: Teal
609,Miku Gears: Orange
610,Miku Gears: Yellow
611,Miku Gears: Green
612,Rin & Len Feathers
613,Rin & Len Feathers: Pink
614,Rin & Len Feathers: Blue
615,Rin & Len Feathers: Teal
616,Rin & Len Feathers: Orange
617,Rin & Len Feathers: Teallow
618,Rin & Len Feathers: Green
619,Chibi Luka Orchard
620,Chibi Luka Orchard: Purple
621,Chibi Luka Orchard: Blue
622,Chibi Luka Orchard: Teal
623,Chibi Luka Orchard: Orange
624,Chibi Luka Orchard: Yellow
625,Chibi Luka Orchard: Green
626,Meiko Funky
627,Meiko Funky: Purple
628,Meiko Funky: Pink
629,Meiko Funky: Blue
630,Meiko Funky: Teal
631,Meiko Funky: Red
632,Meiko Funky: Yellow
633,Meiko Funky: Green
634,Hatsune Kuma
635,Hatsune Kuma: Purple
636,Hatsune Kuma: Pink
637,Hatsune Kuma Blue
638,Hatsune Kuma: Teal
639,Hatsune Kuma: Yellow
640,Hatsune Kuma: Green
641,Sakine Meiko Bows
642,Sakine Meiko Bows: Purple
643,Sakine Meiko Bows: Pink
644,Sakine Meiko Bows: Blue
645,Sakine Meiko Bows: Teal
646,Sakine Meiko Bows: Orange
647,Sakine Meiko Bows: Green
648,Paint Splatter Miku
649,Paint Splatter Miku: Purple
650,Paint Splatter Miku: Pink
651,Paint Splatter Miku: Blue
652,Paint Splatter Miku: Teal
653,Paint Splatter Miku: Orange
654,Paint Splatter Miku: Yellow
655,Paint Splatter Rin
656,Paint Splatter Rin: Purple
657,Paint Splatter Rin: Blue
658,Paint Splatter Rin: Teal
659,Paint Splatter Rin: Orange
660,Paint Splatter Rin: Yellow
661,Paint Splatter Rin: Green
662,Paint Splatter Luka
663,Paint Splatter Luka: Purple
664,Paint Splatter Luka: Pink
665,Paint Splatter Luka: Blue
666,Paint Splatter Luka: Teal
667,Paint Splatter Luka: Yellow
668,Paint Splatter Luka: Green
669,Meiko Speech Bubbles
670,Laundry Day
671,Sakura Miku
672,Mikudayo
673,Mikudayo 2
674,Mikudayo 3
675,Snow Miku 2010
676,Snow Miku 2011
677,Snow Miku 2012
678,Snow Miku 2013
679,Maid Miku
680,Kaito Stylized
681,Kaito Stylized: Green
682,Kaito Stylized: Yellow
683,Kaito Stylized: Orange
684,Kaito Stylized: Teal
685,Kaito Stylized: Pink
686,Kaito Stylized: Purple
687,Meltdown Chibi
688,Meltdown Chibi: Green
689,Meltdown Chibi: Orange
690,Meltdown Chibi: Teal
691,Meltdown Chibi: Blue
692,Meltdown Chibi: Pink
693,Meltdown Chibi: Purple
694,Meltdown Chibi: Silver
695,Meltdown Chibi: Gold
696,Meltdown
697,Meltdown: Green
698,Meltdown: Orange
699,Meltdown: Teal
700,Meltdown: Blue
701,Meltdown: Pink
702,Meltdown: Purple
703,Meltdown: Silver
704,Meltdown: Gold
705,PDA 3rd Anniversary
706,Paradichlorobenzene
707,Paradichlorobenzene: Green
708,Paradichlorobenzene: Yellow
709,Paradichlorobenzene: Teal
710,Paradichlorobenzene: Blue
711,Paradichlorobenzene: Pink
712,Paradichlorobenzene: Purple
713,Paradichlorobenzene: Silver
714,Paradichlorobenzene: Gold
715,Fluffy Miku
716,Fluffy Miku: Teal
717,Fluffy Miku: Blue
718,Fluffy Miku: Pink
719,Rin & Len Watercolor
720,Rin & Len Watercolor: Green
721,Rin & Len Watercolor: Yellow
722,Rin & Len Watercolor: Orange
723,Rin & Len Watercolor: Teal
724,Rin & Len Watercolor: Pink
725,Rin & Len Watercolor: Purple
726,Rin & Len Watercolor: Silver
727,Rin & Len Watercolor: Gold
728,Miku Basic
729,Rin Basic
730,Len Basic
731,Luka Basic
732,Kaito Basic
733,Meiko Basic
734,DECORATOR
735,Snow Miku 2014
736,Snow Miku 2015
737,Snow Miku 2016
738,Hand in Hand
739,Snow Miku 2017